{
  "name": "raylib-web-codespaces",
  "image": "mcr.microsoft.com/devcontainers/universal:2",
  "features": {
    "ghcr.io/ebaskoro/devcontainer-features/emscripten:1": {},
    "ghcr.io/devcontainers/features/common-utils:2": {
      "installZsh": false,
      "username": "vscode",
      "upgradePackages": true
    }
  },
  "forwardPorts": [8000],
  "portsAttributes": {
    "8000": {
      "label": "raylib Web (http.server)",
      "onAutoForward": "openBrowser"
    }
  },
  "postCreateCommand": "bash .devcontainer/postCreate.sh",
  "customizations": {
    "vscode": {
      "extensions": [
        "ms-vscode.cpptools",
        "ms-vscode.cmake-tools"
      ]
    }
  }
}
